id,	a,	b,	c,	d,g
aa,1.0,2.0,-3.0,2.0,0.84
bb,-1.0,2.6,0.9,45.0,5.0
cc,5.0,7.0,78.0,-35.0,0.51
dd,2.0,2.0,7.0,1.0,-35.0
ee,0.22,0.0,19.655555555555555,0.84,1.0
ff,2.1599999999999997,1.0,1.0,5.0,0.84
gg,5.0,4.0,7.0,0.51,0.0
a1,5.0,7.0,78.0,-35.0,1.0
a2a,2.0,2.0,7.0,1.0,4.0
a3,0.22,0.0,19.655555555555555,0.84,7.0
a5,2.1599999999999997,1.0,1.0,5.0,2.0
